[
  {
    "title": "Venom: El último baile",
    "url": "https://ww3.pelisplus.to/player/Y0RJM1EyNXNNbmc0TTJSWlMyMVpha1pQU2xORmQzVllWVkJUVXpGRllYWTRjMVJGVGpKVkwzRlBZVmc9"
  },
  {
    "title": "Código: Traje rojo",
    "url": "https://ww3.pelisplus.to/player/Y0RJM1EyNXNNbmc0TTJSWlMyMVpha1pQU2xORmQzVllWVkJUVXpGRllYWTRjMVJGVG5wemEzQXZSMVk9"
  },
  {
    "title": "Londres, al filo del tiempo",
    "url": "https://ww3.pelisplus.to/player/Y0RJM1EyNXNNbmc0TTJSWlMyMVpha1pQU2xORmQzVllWVkJUVXpGRllYWTRjMVJGVGpJNGFtOHZaVTg9"
  },
  {
    "title": "Watchmen: Capítulo 2",
    "url": "https://ww3.pelisplus.to/player/Y0RJM1EyNXNNbmc0TTJSaVR6Tm5ka0oyT1U1RWVGUlRReXRsVkhsclpYWnlOVE5qU1ZSNE5ISkxXRVV2VEd0UmRtUTBQUT09"
  },
  {
    "title": "Robot salvaje",
    "url": "https://ww3.pelisplus.to/player/Y0RJM1EyNXNNbmc0TTJSWlMyMVpha1pQU2xORmQzVllWVkJUVXpGRllYWTRjMVJGVGpKVkszSXJla2c9"
  },
  {
    "title": "El destino de Sikandar",
    "url": "https://ww3.pelisplus.to/player/Y0RJM1EyNXNNbmc0TTJSWlMyMVpha1pQU2xORmQzVllWVkJUVXpGRllYWTRjMVJGVGpKVmNIVlFZVUU9"
  },
  {
    "title": "GTMax",
    "url": "https://ww3.pelisplus.to/player/Y0RJM1EyNXNNbmc0TTJSWlMyMVpha1pQU2xORmQzVllWVkJUVXpGRllYWTRjMVJGVGpNMU56aHhlV1k9"
  },
  {
    "title": "Deadpool & Wolverine",
    "url": "https://ww3.pelisplus.to/player/Y0RJM1EyNXNNbmc0TTJSaVR6Tm5ka0oyT1U1RWVGUlRReXRsVkhsclpYWnlOVE5rWTIxd05DczJaa1V2ZFhSRE4wNXJQUT09"
  },
  {
    "title": "La sustancia",
    "url": "https://ww3.pelisplus.to/player/Y0RJM1EyNXNNbmc0TTJSWlMyMVpha1pQU2xORmQzVllWVkJUVXpGRllYWTRjMVJGVGpKQmNITlBTMUE9"
  },
  {
    "title": "Sonríe 2",
    "url": "https://ww3.pelisplus.to/player/Y0RJM1EyNXNNbmc0TTJSWlMyMVpha1pQU2xORmQzVllWVkJUVXpGRllYWTRjMVJGVGpNd04zRXJlVUU9"
  },
  {
    "title": "Moana 2",
    "url": "https://www.youtube.com/embed/Bk1Hf0FtR7k?si=AF1EwO-BMKOJ-vn6"
  },
  {
    "title": "Criaturas: Línea de extinción",
    "url": "https://www.youtube.com/embed/gY53rWilkRg?si=wB1qwGh7EEso7J9N"
  },
  {
    "title": "Implacable",
    "url": "https://www.youtube.com/embed/HFc-ieM80pY?si=4wuKJpbIUQJNfqGC"
  },
  {
    "title": "Blindado Sin Salida",
    "url": "https://www.youtube.com/embed/GJ8JO1l-6JA?si=b20sOxfcluoPRrzC"
  },
  {
    "title": "Aquella Navidad",
    "url": "https://www.youtube.com/embed/iYjwcYRelR8?si=5lG8XAYI9k-UG8-c"
  },
  {
    "title": "Gladiador II",
    "url": "https://www.youtube.com/embed/ZEJgVq1K8S4?si=iOiHOHTad-6J7Y3_"
  },
  {
    "title": "Kraven el cazador",
    "url": "https://www.youtube.com/embed/Xy8-OQbl-oM?si=Z43nKAku6f7OLfhk"
  },
  {
    "title": "Sidelined: The QB and Me",
    "url": "https://www.youtube.com/embed/12WIaJcJEY0?si=nr2iq2tSfWTkUC94"
  },
  {
    "title": "Wicked",
    "url": "https://www.youtube.com/embed/7yT843zVIAw?si=XE7b-sGSGLCpaIXl"
  },
  {
    "title": "Mision En Taipei",
    "url": "https://www.youtube.com/embed/pPwLXK7ot2E?si=UfLgSfuQ_zoDBtde"
  }

  
]